-43.20895767211914,43.480918884277344,0.1775028556585312,0.7070881724357605,0.7070708870887756,-0.008776417933404446
-43.208885192871094,43.480987548828125,0.18313638865947723,0.7070850729942322,0.7070667147636414,-0.009345737285912037
-43.20882034301758,43.48104476928711,0.18741749227046967,0.7070807218551636,0.7070653438568115,-0.00977795384824276
-43.20877456665039,43.48108673095703,0.19072608649730682,0.7070769667625427,0.7070643305778503,-0.010111608542501926
-43.208763122558594,43.48111343383789,0.19330158829689026,0.7070747017860413,0.7070627212524414,-0.010371161624789238
-43.17707443237305,43.51261520385742,0.1974107325077057,0.7070528864860535,0.7071503400802612,-0.0038239946588873863
-43.0154914855957,43.67411422729492,0.2122286558151245,0.7070778012275696,0.7071094512939453,0.006106127053499222
-42.678531646728516,44.025367736816406,0.2077242136001587,0.7031814455986023,0.7109616994857788,0.008323730900883675
-42.18315505981445,44.56509780883789,0.21156537532806396,0.6941074132919312,0.7198371291160583,0.007032816298305988
-41.501373291015625,45.271324157714844,0.2116405963897705,0.6932785511016846,0.7206265330314636,0.00788954645395279
-40.6069450378418,46.20097351074219,0.2127186506986618,0.6934422254562378,0.7204333543777466,0.010666754096746445
-39.47988510131836,47.383121490478516,0.21125571429729462,0.6907292604446411,0.72299724817276,0.01295868493616581
-38.194969177246094,48.80406188964844,0.2084488421678543,0.6757311224937439,0.7371480464935303,-0.000461631832877174
-36.982261657714844,50.195831298828125,0.20310910046100616,0.660512387752533,0.750676691532135,-0.014422320760786533
-35.86079406738281,51.55352020263672,0.20480982959270477,0.6420519351959229,0.7665324211120605,-0.014054418541491032
-34.8251953125,52.86860275268555,0.20411892235279083,0.6211619973182678,0.7835567593574524,-0.014019166119396687
-33.87675476074219,54.140838623046875,0.20446129143238068,0.6013703942298889,0.7988518476486206,-0.01375899650156498
-32.99427795410156,55.34987258911133,0.20246824622154236,0.5928421020507812,0.8052014112472534,-0.013749047182500362
-32.182533264160156,56.50383377075195,0.2026524394750595,0.581626832485199,0.8133366107940674,-0.013926484622061253
-31.443431854248047,57.61619186401367,0.2055327296257019,0.5651894211769104,0.8248559236526489,-0.013175977393984795
-30.660001754760742,58.8358268737793,0.20937703549861908,0.5477489233016968,0.8366302847862244,0.004574149381369352
-29.69160270690918,60.322784423828125,0.21098415553569794,0.5471704602241516,0.8369379043579102,0.01180766336619854
-28.566072463989258,62.131919860839844,0.21244095265865326,0.5266570448875427,0.8499764204025269,0.013131245039403439
-27.278837203979492,64.24411010742188,0.21089540421962738,0.5178272724151611,0.8553890585899353,0.01282048411667347
-25.9251766204834,66.52827453613281,0.20811934769153595,0.5099701285362244,0.8601874709129333,-0.0028362220618873835
-24.601537704467773,68.7625961303711,0.20514509081840515,0.509902834892273,0.8601595163345337,-0.011161969043314457
-23.33067512512207,70.94163513183594,0.20547939836978912,0.5037281513214111,0.8637714385986328,-0.012525228783488274
-22.098648071289062,73.0537109375,0.2064916491508484,0.5039304494857788,0.8636509776115417,-0.012693636119365692
-20.894840240478516,75.11319732666016,0.20738063752651215,0.5045560598373413,0.8632853031158447,-0.01271112635731697
-19.70500946044922,77.09036254882812,0.20621205866336823,0.5150499939918518,0.85706627368927,-0.012686727568507195
-18.549070358276367,79.01343536376953,0.20659944415092468,0.5149423480033875,0.8571321964263916,-0.012595042586326599
-17.373062133789062,80.88353729248047,0.20703090727329254,0.5341643691062927,0.845335841178894,-0.008700324222445488
-16.20648193359375,82.71843719482422,0.2061891257762909,0.5358845591545105,0.8442150950431824,-0.011338010430335999
-15.017330169677734,84.48155212402344,0.20857858657836914,0.5627915263175964,0.8265494704246521,-0.009030187502503395
-13.826092720031738,86.20327758789062,0.20582854747772217,0.5687371492385864,0.8224372267723083,-0.011618431657552719
-12.594766616821289,87.87950134277344,0.210017129778862,0.5947878956794739,0.8038654327392578,-0.005266590975224972
-11.343994140625,89.53797912597656,0.20556874573230743,0.6009605526924133,0.7992101907730103,-0.0104664396494627
-10.111785888671875,91.13858795166016,0.21046800911426544,0.6107226610183716,0.7917824983596802,-0.009910444729030132
-8.760194778442383,92.69302368164062,0.20478546619415283,0.6525304317474365,0.7577216625213623,-0.007866890169680119
-7.423043251037598,94.23853302001953,0.207364022731781,0.6533487439155579,0.7569993138313293,-0.009349741041660309
-6.008464813232422,95.79447174072266,0.208059161901474,0.6710982918739319,0.741366446018219,-0.0016828146763145924
-4.451007843017578,97.46979522705078,0.21067626774311066,0.6829479932785034,0.7304599285125732,0.0032007500994950533
-2.8460888862609863,99.13634490966797,0.20725123584270477,0.6959445476531982,0.7180318832397461,-0.009558274410665035
-1.2456388473510742,100.7509765625,0.20861183106899261,0.7052724957466125,0.7088430523872375,-0.01149623654782772
0.3498286306858063,102.28413391113281,0.2088460773229599,0.7221787571907043,0.6916054487228394,-0.01181618683040142
1.9459408521652222,103.73943328857422,0.20554612576961517,0.7377352118492126,0.6749884486198425,-0.011719739995896816
3.5118887424468994,105.17157745361328,0.20696263015270233,0.7376154661178589,0.6751372814178467,-0.010628050193190575
5.144826889038086,106.66615295410156,0.20806556940078735,0.737663984298706,0.675164520740509,-0.002128686523064971
6.912141799926758,108.24341583251953,0.21125157177448273,0.7488495111465454,0.6627389788627625,0.001224355772137642
8.813188552856445,109.90838623046875,0.2085680365562439,0.7519082427024841,0.659264087677002,-0.0021976351272314787
10.693233489990234,111.5564956665039,0.20669592916965485,0.751919686794281,0.6591917276382446,-0.009120152331888676
12.530917167663574,113.1791763305664,0.20541812479496002,0.7489101886749268,0.6625798940658569,-0.01101792324334383
14.323575019836426,114.77549743652344,0.20677001774311066,0.7467226386070251,0.6650395393371582,-0.011298779398202896
16.08035659790039,116.33328247070312,0.20827963948249817,0.7483832240104675,0.6631672978401184,-0.01147752907127142
17.814319610595703,117.83487701416016,0.20650023221969604,0.7555739283561707,0.6549606919288635,-0.011603830382227898
19.51579475402832,119.30956268310547,0.20732636749744415,0.7557173371315002,0.6548113822937012,-0.010644573718309402
21.2911376953125,120.8144760131836,0.20939694344997406,0.7646937966346741,0.6443920135498047,-0.0014968031318858266
23.217836380004883,122.43065643310547,0.20971417427062988,0.7655165791511536,0.6434131264686584,0.0019541073124855757
25.284032821655273,124.16720581054688,0.21067361533641815,0.7658302783966064,0.6430346965789795,0.0032214773818850517
27.49934959411621,126.02970886230469,0.21067479252815247,0.7658929228782654,0.642961323261261,0.002972656162455678
29.741661071777344,127.9137191772461,0.2066354602575302,0.76605224609375,0.6427310705184937,-0.007784721441566944
31.965227127075195,129.76870727539062,0.20882146060466766,0.7687948346138,0.6394351124763489,-0.008783024735748768
34.1827278137207,131.5712127685547,0.20654849708080292,0.777462363243103,0.6288396120071411,-0.010639678686857224
36.38315963745117,133.29428100585938,0.2066134512424469,0.790894627571106,0.6118413209915161,-0.011660737916827202
38.58528137207031,134.9347381591797,0.20604172348976135,0.8037315011024475,0.5948777794837952,-0.011664744466543198
40.777164459228516,136.5040283203125,0.20752882957458496,0.8179294466972351,0.5751885175704956,-0.01222718134522438
42.96489334106445,137.96665954589844,0.20928627252578735,0.8364725708961487,0.5478709936141968,-0.012287993915379047
45.14854049682617,139.3430633544922,0.20562773942947388,0.8465744853019714,0.5321432948112488,-0.011626084335148335
47.29129409790039,140.6899871826172,0.206409752368927,0.8465431928634644,0.5321928858757019,-0.011638791300356388
49.39483642578125,142.01263427734375,0.20677326619625092,0.8465496301651001,0.5321812033653259,-0.01170278713107109
51.533538818359375,143.27783203125,0.21138955652713776,0.8648195862770081,0.5020665526390076,-0.004046762362122536
53.84739303588867,144.59170532226562,0.20867277681827545,0.8697364926338196,0.4935101270675659,0.002504761330783367
56.32284927368164,145.9520721435547,0.20892120897769928,0.8772618770599365,0.4800119996070862,-0.00015468835772480816
58.80569839477539,147.2630615234375,0.20637750625610352,0.8881922960281372,0.4593481719493866,-0.010659395717084408
61.26374816894531,148.52273559570312,0.2062988579273224,0.8907492160797119,0.4543471038341522,-0.011598929762840271
63.71467590332031,149.72933959960938,0.21123553812503815,0.8999382257461548,0.4359533488750458,-0.007475737947970629
66.30404663085938,150.93704223632812,0.20730943977832794,0.906857430934906,0.4214347302913666,-0.001572970300912857
68.88117218017578,152.11231994628906,0.20912866294384003,0.9112063050270081,0.4118387997150421,-0.00958306435495615
71.45281982421875,153.09857177734375,0.20611682534217834,0.9388712048530579,0.34404584765434265,-0.012387674301862717
74.01869201660156,154.0297088623047,0.20570537447929382,0.9405549168586731,0.339436799287796,-0.011797846294939518
76.53263092041016,154.94334411621094,0.20601575076580048,0.9392746090888977,0.3429630398750305,-0.011816387996077538
78.99556732177734,155.8428497314453,0.2068508416414261,0.9391840696334839,0.343217134475708,-0.011627941392362118
81.41744995117188,156.67855834960938,0.2060961127281189,0.9457192420959473,0.3247681260108948,-0.011863251216709614
83.80238342285156,157.44229125976562,0.21095523238182068,0.954603374004364,0.2976262867450714,-0.012281875126063824
86.15740966796875,158.0511474609375,0.20521321892738342,0.9683340787887573,0.24939163029193878,-0.011522737331688404
88.48882293701172,158.65341186523438,0.20557524263858795,0.9680903553962708,0.2503373324871063,-0.011503220535814762
90.7652587890625,159.2485809326172,0.2066471427679062,0.9674513936042786,0.25279098749160767,-0.011604244820773602
93.03390502929688,159.7422637939453,0.21413391828536987,0.9787726998329163,0.204867884516716,-0.005740219261497259
95.47630310058594,160.14198303222656,0.2081386297941208,0.9864034652709961,0.16431976854801178,0.0026604305021464825
98.09095764160156,160.6801300048828,0.202164888381958,0.9770143628120422,0.2131604254245758,0.002387379063293338
100.7840347290039,161.35292053222656,0.20606586337089539,0.9694883227348328,0.24508114159107208,-0.005258096382021904
103.41505432128906,161.95738220214844,0.20652161538600922,0.9767652153968811,0.2139868587255478,-0.011801742017269135
106.02247619628906,162.51638793945312,0.20604455471038818,0.977918803691864,0.2086525559425354,-0.011788294650614262
108.575927734375,163.0288848876953,0.20601002871990204,0.9813690185546875,0.1917572021484375,-0.01199857983738184
111.0866928100586,163.51553344726562,0.20630130171775818,0.9816580414772034,0.19029201567173004,-0.011677789501845837
113.5461196899414,163.9661102294922,0.20697547495365143,0.9844338893890381,0.17534030973911285,-0.012067624367773533
115.96173095703125,164.38882446289062,0.20642785727977753,0.9850211143493652,0.1720360815525055,-0.011703436262905598
118.3431167602539,164.80491638183594,0.20758381485939026,0.9850672483444214,0.17192654311656952,-0.009154028259217739
120.83907318115234,165.2382354736328,0.20886950194835663,0.9853197932243347,0.1707165688276291,-0.0008128878544084728
123.51325225830078,165.67941284179688,0.2097245752811432,0.9866229891777039,0.163003072142601,0.002252367790788412
126.37992095947266,166.14891052246094,0.211573988199234,0.9870377779006958,0.1604553759098053,0.0032420651987195015
129.45098876953125,166.60133361816406,0.21086634695529938,0.9894865155220032,0.1445740908384323,0.0038406439125537872
132.71481323242188,167.07720947265625,0.2110155075788498,0.9895599484443665,0.14405721426010132,0.0043223281390964985
136.19151306152344,167.5831298828125,0.2110038548707962,0.989546000957489,0.1441493034362793,0.004416796378791332
139.82284545898438,168.11233520507812,0.20908257365226746,0.9895578622817993,0.14412890374660492,-0.0014672657707706094
143.4228973388672,168.63734436035156,0.20665192604064941,0.9894797205924988,0.1443658173084259,-0.009405168704688549
146.9609375,169.12811279296875,0.20645670592784882,0.9908060431480408,0.13482066988945007,-0.01125649269670248
150.4594268798828,169.5762939453125,0.2070421576499939,0.9928666353225708,0.11862136423587799,-0.012030962854623795
153.89987182617188,169.95005798339844,0.20768240094184875,0.995162844657898,0.09749731421470642,-0.012048065662384033
157.28665161132812,170.26889038085938,0.20628969371318817,0.995854914188385,0.09018329530954361,-0.011829202063381672
160.6354522705078,170.57305908203125,0.20641714334487915,0.995847761631012,0.09028108417987823,-0.011692655272781849
163.91696166992188,170.88543701171875,0.2058248370885849,0.9951396584510803,0.09777455776929855,-0.011713975109159946
167.15371704101562,171.20704650878906,0.2064199000597,0.9949944615364075,0.09924449026584625,-0.011694304645061493
170.32882690429688,171.51930236816406,0.20792706310749054,0.9952337145805359,0.0968288779258728,-0.011574036441743374
173.44842529296875,171.78634643554688,0.20647935569286346,0.9965237975120544,0.08249761909246445,-0.011600025929510593
176.5108642578125,172.02142333984375,0.20630492269992828,0.9973116517066956,0.07230024039745331,-0.01192063745111227
179.53536987304688,172.23907470703125,0.20644044876098633,0.9974464774131775,0.07044630497694016,-0.011738281697034836
182.50086975097656,172.44866943359375,0.20621982216835022,0.9974761009216309,0.07003479450941086,-0.01168887596577406
185.46066284179688,172.65432739257812,0.2084486037492752,0.9976182579994202,0.06871883571147919,-0.005960184149444103
188.56182861328125,172.80667114257812,0.2095751166343689,0.9989352226257324,0.046098627150058746,0.0018298736540600657
191.87307739257812,172.95726013183594,0.21006743609905243,0.9989666938781738,0.045316845178604126,0.003461529966443777
195.36880493164062,173.0763397216797,0.2117646038532257,0.9996445178985596,0.026390129700303078,0.003799393540248275
199.07077026367188,173.16305541992188,0.21093608438968658,0.9997490048408508,0.021987702697515488,0.004303923808038235
202.97059631347656,173.22996520996094,0.21370121836662292,0.9999102354049683,0.012838508933782578,0.0038359672762453556
206.98324584960938,173.21533203125,0.20793695747852325,0.9999253153800964,-0.0109900813549757,-0.0053545753471553326
210.95144653320312,173.1753692626953,0.20672716200351715,0.9998733997344971,-0.012266159057617188,-0.010143646039068699
214.84417724609375,173.05104064941406,0.20880696177482605,0.9986147284507751,-0.05115528777241707,-0.012316476553678513
218.6792449951172,172.833740234375,0.20716990530490875,0.9975647330284119,-0.06874628365039825,-0.011768558993935585
222.45913696289062,172.57408142089844,0.2073732614517212,0.99737948179245,-0.07135895639657974,-0.011924323625862598
226.17965698242188,172.29640197753906,0.2064526379108429,0.997008204460144,-0.07638156414031982,-0.011847550049424171
229.83914184570312,171.95230102539062,0.20659838616847992,0.9944907426834106,-0.10419628769159317,-0.011454176157712936
233.45339965820312,171.57273864746094,0.20690669119358063,0.9941320419311523,-0.10766042023897171,-0.010518786497414112
237.0303955078125,171.14793395996094,0.21023915708065033,0.9917417168617249,-0.1277802735567093,-0.010988635942339897
240.54287719726562,170.63259887695312,0.206853449344635,0.9877662062644958,-0.15554246306419373,-0.011152339167892933
243.99879455566406,170.052001953125,0.2106417864561081,0.9843126535415649,-0.1760457456111908,-0.011685732752084732
247.35855102539062,169.30848693847656,0.2071668654680252,0.9718406200408936,-0.23535382747650146,-0.011593167670071125
250.67002868652344,168.51092529296875,0.20641843974590302,0.9714863896369934,-0.23682761192321777,-0.011269273236393929
253.8912353515625,167.62838745117188,0.20797589421272278,0.9595468044281006,-0.28129905462265015,-0.011866854503750801
257.0269775390625,166.6331329345703,0.2099369317293167,0.9474639296531677,-0.3196442127227783,-0.011823692359030247
260.0766906738281,165.5349578857422,0.21031418442726135,0.9364293217658997,-0.35066890716552734,-0.011461476795375347
262.94195556640625,164.22018432617188,0.2113063782453537,0.895308792591095,-0.4452613294124603,-0.012820920906960964
265.6321105957031,162.67904663085938,0.20710636675357819,0.8541828393936157,-0.5198416113853455,-0.011681272648274899
268.2121276855469,161.0334930419922,0.21071787178516388,0.8347033858299255,-0.5505785346031189,-0.011554126627743244
270.67828369140625,159.2845458984375,0.20882725715637207,0.8087465167045593,-0.5880499482154846,-0.011239535175263882
272.9550476074219,157.41973876953125,0.20769938826560974,0.7600548267364502,-0.6497494578361511,-0.011925584636628628
275.0475769042969,155.42982482910156,0.21197308599948883,0.707717776298523,-0.7063850164413452,-0.012486433610320091
276.935302734375,153.3190460205078,0.21193982660770416,0.6509584784507751,-0.7590174674987793,-0.012068023905158043
278.4639587402344,151.06085205078125,0.2176266461610794,0.5311034917831421,-0.8471726179122925,-0.015083186328411102
279.646240234375,148.6793975830078,0.20577973127365112,0.4146882891654968,-0.909898042678833,-0.010916106402873993
280.7414855957031,146.2607421875,0.20568819344043732,0.40909528732299805,-0.9124317765235901,-0.010457804426550865
281.7724304199219,143.86851501464844,0.21028956770896912,0.390610009431839,-0.9204853773117065,-0.011423109099268913
282.57000732421875,141.47576904296875,0.2110891044139862,0.30058610439300537,-0.9536709785461426,-0.012629060074687004
283.2626037597656,139.07382202148438,0.20508700609207153,0.2772573232650757,-0.9607363343238831,-0.010685275308787823
283.9347839355469,136.7045440673828,0.206302210688591,0.2731083631515503,-0.9619187712669373,-0.011145774275064468
284.5848693847656,134.3621063232422,0.21020390093326569,0.2660643756389618,-0.9639134407043457,-0.008974646218121052
285.1128234863281,131.94400024414062,0.20798593759536743,0.20823335647583008,-0.9780727028846741,-0.0035735082346946
285.6271057128906,129.49951171875,0.20656663179397583,0.20706690847873688,-0.9782896637916565,-0.008525962941348553
286.0662841796875,127.10893249511719,0.2105998992919922,0.17185930907726288,-0.9850568175315857,-0.01128555741161108
286.42816162109375,124.74226379394531,0.20590683817863464,0.15122100710868835,-0.9884381890296936,-0.011056355200707912
286.7060546875,122.41836547851562,0.21006134152412415,0.1104506254196167,-0.9938101768493652,-0.011918223462998867
286.9173583984375,120.1259765625,0.20580001175403595,0.09204716980457306,-0.9956937432289124,-0.011013705283403397
287.1308898925781,117.80010986328125,0.20793400704860687,0.09140872210264206,-0.9957938194274902,-0.006251918151974678
287.30224609375,115.39775085449219,0.2088969647884369,0.07177556306123734,-0.9974148869514465,-0.003439064370468259
287.42193603515625,112.89682006835938,0.20906595885753632,0.04673634096980095,-0.9989059567451477,-0.001601463882252574
287.519287109375,110.25355529785156,0.2127385288476944,0.03377837315201759,-0.9994291663169861,-0.0005960307316854596
287.52899169921875,107.51426696777344,0.2087874859571457,0.001194183831103146,-0.9999974966049194,-0.0018850379856303334
287.5320739746094,104.64263153076172,0.20919916033744812,0.0006456389673985541,-0.9999997615814209,-0.000367186323273927
287.4912109375,101.6080322265625,0.2116716504096985,-0.02176608331501484,-0.9997580051422119,0.0031960695050656796
287.3921813964844,98.35662841796875,0.21286918222904205,-0.0350145548582077,-0.9993789792060852,0.003968026023358107
287.2282409667969,94.91985321044922,0.21307386457920074,-0.052426401525735855,-0.9986183047294617,0.00360005721449852
286.9961242675781,91.44210815429688,0.20662616193294525,-0.07127586007118225,-0.997420072555542,-0.008536356501281261
286.7451477050781,88.0028305053711,0.2077799290418625,-0.0744464173913002,-0.9971663951873779,-0.010814175009727478
286.39337158203125,84.6531982421875,0.20656868815422058,-0.11731889098882675,-0.9930222034454346,-0.011971130967140198
286.00335693359375,81.35023498535156,0.20686481893062592,-0.11930927634239197,-0.9927877187728882,-0.011748244054615498
285.525634765625,78.1380386352539,0.20659594237804413,-0.15962393581867218,-0.9871042966842651,-0.012054823338985443
285.0091857910156,74.96949005126953,0.20648890733718872,-0.16415470838546753,-0.9863653779029846,-0.011685916222631931
284.4918212890625,71.85455322265625,0.20645688474178314,-0.1638549417257309,-0.9864150285720825,-0.011700213886797428
283.99322509765625,68.79029846191406,0.20598387718200684,-0.1599692851305008,-0.9870520830154419,-0.011745142750442028
283.50616455078125,65.780029296875,0.20638000965118408,-0.15962114930152893,-0.9871093034744263,-0.011683745309710503
283.0045471191406,62.825809478759766,0.21006463468074799,-0.1720520257949829,-0.9850299954414368,-0.010679218918085098
282.4450378417969,59.87288284301758,0.2064521312713623,-0.18868659436702728,-0.9819915294647217,-0.009489753283560276
281.8880920410156,56.9750862121582,0.20680028200149536,-0.1892181932926178,-0.9818741679191589,-0.010933463461697102
281.2865905761719,54.15082550048828,0.20608045160770416,-0.21372374892234802,-0.9768245816230774,-0.011653218418359756
280.6789855957031,51.38035202026367,0.20631764829158783,-0.21570664644241333,-0.9763888120651245,-0.011634496040642262
280.0387268066406,48.668399810791016,0.2067292481660843,-0.23759382963180542,-0.9712889194488525,-0.012125029228627682
279.37982177734375,46.01585006713867,0.20629377663135529,-0.24256834387779236,-0.9700645804405212,-0.011632159352302551
278.7049560546875,43.39349365234375,0.2107064425945282,-0.25161466002464294,-0.9677977561950684,-0.007584195118397474
277.94482421875,40.66326141357422,0.20855289697647095,-0.2687091529369354,-0.9632204174995422,0.0013901416677981615
277.1282958984375,37.740047454833984,0.2096782624721527,-0.26880380511283875,-0.9631910920143127,0.002722342498600483
276.2615966796875,34.63438034057617,0.21066662669181824,-0.2688800096511841,-0.9631667733192444,0.0036414258647710085
275.3437805175781,31.346223831176758,0.21066223084926605,-0.26923611760139465,-0.963067352771759,0.0036224927753210068
274.4086608886719,28.016138076782227,0.20761738717556,-0.27137330174446106,-0.9624443054199219,-0.007589544635266066
273.4339904785156,24.76481056213379,0.2066255509853363,-0.2922636568546295,-0.9562691450119019,-0.011463326402008533
272.4192199707031,21.57526969909668,0.20676599442958832,-0.3073117733001709,-0.9515367746353149,-0.01171288825571537
271.3747253417969,18.461576461791992,0.20616060495376587,-0.32148605585098267,-0.9468401074409485,-0.011849828995764256
270.288330078125,15.426353454589844,0.20623746514320374,-0.3451741635799408,-0.9384631514549255,-0.011902209371328354
269.1848449707031,12.449137687683105,0.2075536847114563,-0.349850594997406,-0.9367324709892273,-0.011701193638145924
268.0183410644531,9.569869995117188,0.20590974390506744,-0.38352373242378235,-0.9234541058540344,-0.011918608099222183
266.81280517578125,6.7536444664001465,0.20614375174045563,-0.39888644218444824,-0.9169251918792725,-0.011734883300960064
265.6040344238281,4.001631736755371,0.20675687491893768,-0.4056188762187958,-0.9139658808708191,-0.011819100007414818
264.40167236328125,1.3041664361953735,0.20617590844631195,-0.40823280811309814,-0.9128015041351318,-0.011799339205026627
263.1874694824219,-1.3213307857513428,0.2102353423833847,-0.42638343572616577,-0.904461145401001,-0.012134161777794361
261.91064453125,-3.8469812870025635,0.2076803594827652,-0.45750248432159424,-0.8891304135322571,-0.011772196739912033
260.5634765625,-6.275485038757324,0.20589059591293335,-0.49069836735725403,-0.8712501525878906,-0.01175672747194767
259.2226867675781,-8.654467582702637,0.206260547041893,-0.49176210165023804,-0.87065190076828,-0.011635910719633102
257.90496826171875,-10.987387657165527,0.20657497644424438,-0.49169185757637024,-0.8706896901130676,-0.011768084950745106
256.5592346191406,-13.22567367553711,0.20693206787109375,-0.5236604809761047,-0.8518393635749817,-0.012225390411913395
255.19985961914062,-15.397679328918457,0.207587331533432,-0.5315268635749817,-0.8469582200050354,-0.011877878569066525
253.80477905273438,-17.484432220458984,0.20559945702552795,-0.5567134618759155,-0.8306214213371277,-0.01174925733357668
252.4267120361328,-19.52449607849121,0.20828703045845032,-0.560021162033081,-0.8283948302268982,-0.011759302578866482
250.9989013671875,-21.44008445739746,0.20547817647457123,-0.6005433201789856,-0.7995021343231201,-0.01199562381953001
249.5758056640625,-23.30535125732422,0.20867834985256195,-0.6073522567749023,-0.7943464517593384,-0.011706256307661533
248.12637329101562,-25.083250045776367,0.20747795701026917,-0.6314207911491394,-0.7753536105155945,-0.011597552336752415
246.66708374023438,-26.7792911529541,0.20576371252536774,-0.6514692306518555,-0.758587121963501,-0.011552560143172741
245.19866943359375,-28.392675399780273,0.2057618498802185,-0.676057755947113,-0.7367494106292725,-0.01208984013646841
243.72596740722656,-29.934175491333008,0.20786751806735992,-0.6931536197662354,-0.7206859588623047,-0.012244763784110546
242.2671356201172,-31.424331665039062,0.2057856023311615,-0.698708713054657,-0.7153124809265137,-0.011585863307118416
240.81381225585938,-32.87120056152344,0.21073532104492188,-0.7095706462860107,-0.7045837044715881,-0.00844491459429264
239.24888610839844,-34.3557243347168,0.20776452124118805,-0.7235156297683716,-0.6903079152107239,-0.0004595754435285926
237.5720672607422,-35.95481491088867,0.20971046388149261,-0.7240771651268005,-0.6897181868553162,0.0010870257392525673
235.755126953125,-37.65717697143555,0.213279590010643,-0.7315504550933838,-0.6817836761474609,0.0022682002745568752
233.8381805419922,-39.375144958496094,0.20692545175552368,-0.7445859909057617,-0.6674904823303223,-0.006947298534214497
231.8549346923828,-41.15080642700195,0.20740321278572083,-0.7447503805160522,-0.6672710180282593,-0.009805183857679367
229.8888397216797,-42.837276458740234,0.2084534466266632,-0.7595756649971008,-0.650418221950531,-0.0009528676746413112
227.77088928222656,-44.6297492980957,0.21188874542713165,-0.7640926241874695,-0.6451027989387512,0.0022226881701499224
225.45675659179688,-46.472984313964844,0.21053333580493927,-0.7830612063407898,-0.6219336986541748,0.0037043725606054068
222.97314453125,-48.442535400390625,0.21054349839687347,-0.7831610441207886,-0.6218050122261047,0.004176842048764229
220.32098388671875,-50.51093292236328,0.21076281368732452,-0.791361391544342,-0.611338198184967,0.0035529735032469034
217.6155242919922,-52.59305953979492,0.2078002244234085,-0.7933882474899292,-0.6086709499359131,-0.007405365817248821
214.9139404296875,-54.564334869384766,0.20621861517429352,-0.813112735748291,-0.5819897055625916,-0.011648865416646004
212.23117065429688,-56.48643493652344,0.2065480798482895,-0.8137732744216919,-0.5810656547546387,-0.011646999977529049
209.55691528320312,-58.298763275146484,0.20631420612335205,-0.8338660597801208,-0.5518380999565125,-0.011924652382731438
206.8964385986328,-60.04917526245117,0.20755787193775177,-0.8372747302055359,-0.546657383441925,-0.011698737740516663
204.24398803710938,-61.688968658447266,0.20601440966129303,-0.8543854355812073,-0.5195071697235107,-0.011743884533643723
201.61776733398438,-63.28590774536133,0.2063671499490738,-0.8554726839065552,-0.5177151560783386,-0.011728488840162754
199.03416442871094,-64.85094451904297,0.20642758905887604,-0.8554109334945679,-0.5178187489509583,-0.01165213156491518
196.428955078125,-66.4293441772461,0.2076568603515625,-0.8555279970169067,-0.5177380442619324,-0.004379287362098694
193.6764678955078,-68.09566497802734,0.20881134271621704,-0.855489194393158,-0.5178187489509583,0.0014354409649968147
190.8317108154297,-69.8143539428711,0.20809005200862885,-0.8563432097434998,-0.516377329826355,-0.005546257831156254
188.00299072265625,-71.47364044189453,0.20688574016094208,-0.8641391396522522,-0.503135085105896,-0.010894850827753544
185.19851684570312,-73.04647827148438,0.20626960694789886,-0.8744282722473145,-0.4850166440010071,-0.011579557321965694
182.42173767089844,-74.55945587158203,0.2067045122385025,-0.8810221552848816,-0.4729235768318176,-0.011969657614827156
179.6780242919922,-76.02568054199219,0.20623986423015594,-0.8828230500221252,-0.46955880522727966,-0.011748691089451313
176.9838409423828,-77.45947265625,0.20643140375614166,-0.8829730153083801,-0.4692773222923279,-0.01171930506825447
174.33108520507812,-78.86961364746094,0.2066064029932022,-0.8831276893615723,-0.46898481249809265,-0.011775706894695759
171.72471618652344,-80.25283813476562,0.20670759677886963,-0.8834388852119446,-0.4683978259563446,-0.011793999932706356
169.1535186767578,-81.5761489868164,0.2063724845647812,-0.890302300453186,-0.45521843433380127,-0.011748324148356915
166.61148071289062,-82.85092163085938,0.2069140374660492,-0.8965736627578735,-0.44273537397384644,-0.011879908852279186
164.1082763671875,-84.07833099365234,0.20625855028629303,-0.8985549807548523,-0.4387063980102539,-0.011646255850791931
161.64874267578125,-85.27957916259766,0.20656877756118774,-0.8985022306442261,-0.4388173818588257,-0.011539110913872719
159.23110961914062,-86.46056365966797,0.206645205616951,-0.8984991908073425,-0.43882086873054504,-0.011632876470685005
156.8692169189453,-87.61400604248047,0.20677641034126282,-0.8985083699226379,-0.4388035535812378,-0.011584949679672718
154.5442352294922,-88.74945831298828,0.20682556927204132,-0.8985489010810852,-0.43872010707855225,-0.011595318093895912
152.26373291015625,-89.86296844482422,0.20766225457191467,-0.8986527919769287,-0.4385586082935333,-0.009458478540182114
149.87557983398438,-91.0279312133789,0.2077276110649109,-0.8988719582557678,-0.43821007013320923,-0.0010642631677910686
147.43516540527344,-92.21619415283203,0.2071535736322403,-0.8990504145622253,-0.4377801716327667,-0.007547103799879551
145.00088500976562,-93.30970001220703,0.20594660937786102,-0.9152061939239502,-0.4028405547142029,-0.010820881463587284
142.588134765625,-94.33415222167969,0.20986023545265198,-0.9223188757896423,-0.3862512409687042,-0.011737477965652943
140.192626953125,-95.2164077758789,0.20543548464775085,-0.9393773674964905,-0.34268248081207275,-0.011788610368967056
137.83274841308594,-96.07669830322266,0.206006720662117,-0.9393191933631897,-0.34284642338752747,-0.011652511544525623
135.45053100585938,-96.8570327758789,0.21346566081047058,-0.9533619284629822,-0.30178937315940857,-0.0049210200086236
133.0071563720703,-97.5613021850586,0.20586180686950684,-0.9608683586120605,-0.2768667936325073,-0.008772226981818676
130.60186767578125,-98.24398040771484,0.2088882178068161,-0.9621031880378723,-0.27250173687934875,-0.010013421066105366
128.11422729492188,-98.87273406982422,0.20816166698932648,-0.9694979786872864,-0.24509763717651367,-0.0009809073526412249
125.46598052978516,-99.5374984741211,0.2100556343793869,-0.9698148369789124,-0.24383974075317383,0.0012291742023080587
122.64637756347656,-100.07546997070312,0.21701398491859436,-0.9856691360473633,-0.16868333518505096,0.0014850395964458585
119.61129760742188,-100.47065734863281,0.2118685245513916,-0.9931522607803345,-0.11674938350915909,0.004268679302185774
116.34809875488281,-100.84326171875,0.21257637441158295,-0.9936662912368774,-0.11229269951581955,0.0042141517624258995
112.92517852783203,-101.04308319091797,0.2157297432422638,-0.9995861053466797,-0.0285973958671093,0.003123462898656726
109.27320098876953,-101.1118392944336,0.2128027379512787,-0.9999755024909973,-0.005218783393502235,0.004650969058275223
105.41342163085938,-101.11805725097656,0.21318194270133972,-0.9999904632568359,0.001371656428091228,0.004148659761995077
101.39497375488281,-101.05733489990234,0.20941954851150513,-0.9998120069503784,0.01934969238936901,-0.0012394122313708067
97.40364074707031,-100.93077850341797,0.2063835710287094,-0.9989451766014099,0.04458865895867348,-0.010969222523272038
93.49732971191406,-100.68917083740234,0.20663468539714813,-0.9967617392539978,0.0794939398765564,-0.012112287804484367
89.64225006103516,-100.34123992919922,0.21111446619033813,-0.9941651225090027,0.10715213418006897,-0.012415558099746704
85.92432403564453,-99.7585678100586,0.20738646388053894,-0.9816529750823975,0.19026532769203186,-0.012508374638855457
82.25145721435547,-99.06678009033203,0.2039334923028946,-0.980782687664032,0.19473199546337128,-0.012028129771351814
78.5987777709961,-98.47891235351562,0.20162956416606903,-0.9899203777313232,0.14112403988838196,-0.011904764920473099
75.01303100585938,-98.0151138305664,0.2029924839735031,-0.9930306077003479,0.11727061867713928,-0.011745685711503029
71.4836196899414,-97.5815200805664,0.20826244354248047,-0.9922292232513428,0.12385308742523193,-0.011899327859282494
68.03209686279297,-97.05514526367188,0.2066279500722885,-0.9866387844085693,0.1624862551689148,-0.01192343421280384
64.62845611572266,-96.47748565673828,0.2095155119895935,-0.9847655892372131,0.1735409051179886,-0.010962816886603832
61.28368377685547,-95.81295776367188,0.20679257810115814,-0.97916179895401,0.20281553268432617,-0.010395265184342861
57.962799072265625,-95.15662384033203,0.20447102189064026,-0.9821354150772095,0.18784935772418976,-0.011080979369580746
54.695552825927734,-94.51249694824219,0.20835332572460175,-0.980167031288147,0.19785231351852417,-0.011268524453043938
51.48455810546875,-93.83737182617188,0.20671501755714417,-0.9775412678718567,0.21044714748859406,-0.01117846742272377
48.326175689697266,-93.13732147216797,0.2092083841562271,-0.9751271605491638,0.22135533392429352,-0.01135233324021101
45.2247428894043,-92.40369415283203,0.20660865306854248,-0.9722322821617126,0.23375357687473297,-0.011124379932880402
42.169342041015625,-91.66187286376953,0.20842128992080688,-0.9713557958602905,0.23736879229545593,-0.011137171648442745
39.17560958862305,-90.88642883300781,0.20616470277309418,-0.9672794342041016,0.25346365571022034,-0.011253375560045242
36.247596740722656,-90.06610107421875,0.20965808629989624,-0.9597843289375305,0.2804965078830719,-0.011645433492958546
33.38212966918945,-89.191650390625,0.20622912049293518,-0.9545434713363647,0.2978622019290924,-0.011173776350915432
30.559215545654297,-88.31278991699219,0.2061864286661148,-0.9544655084609985,0.2981131970882416,-0.011140200309455395
27.768604278564453,-87.44217681884766,0.20724999904632568,-0.9545179605484009,0.2980123460292816,-0.009175179526209831
24.891014099121094,-86.54432678222656,0.20767754316329956,-0.9545655846595764,0.29798367619514465,-0.0031878117006272078
21.91366195678711,-85.6155776977539,0.20800910890102386,-0.9545947313308716,0.2978881299495697,-0.0033908109180629253
18.961124420166016,-84.6611099243164,0.20854437351226807,-0.9492415189743042,0.3143936097621918,-0.009863988496363163
16.06187629699707,-83.68171691894531,0.20657242834568024,-0.9462261199951172,0.3233199417591095,-0.010969300754368305
13.233491897583008,-82.66189575195312,0.20911656320095062,-0.9369966387748718,0.3491429090499878,-0.011690229177474976
10.467428207397461,-81.59953308105469,0.20620878040790558,-0.9314314723014832,0.36374223232269287,-0.011266524903476238
7.7616496086120605,-80.5113525390625,0.20934659242630005,-0.925125002861023,0.37948933243751526,-0.01147355418652296
5.119543552398682,-79.39112854003906,0.20629696547985077,-0.9189203977584839,0.394283264875412,-0.01122441329061985
2.5127618312835693,-78.27338409423828,0.20642712712287903,-0.9188179969787598,0.3945239782333374,-0.0111528430134058
-0.09350312501192093,-77.14439392089844,0.20965580642223358,-0.9171425700187683,0.3985210359096527,-0.0055209058336913586
-2.773437261581421,-75.8968734741211,0.20857778191566467,-0.9056635499000549,0.42399540543556213,-0.0011523920111358166
-5.568112850189209,-74.58597564697266,0.20939801633358002,-0.9053155779838562,0.42473965883255005,-0.00011254273704253137
-8.421378135681152,-73.15302276611328,0.208479106426239,-0.8881474137306213,0.45953890681266785,-0.004260928835719824
-11.239325523376465,-71.68726348876953,0.2070799618959427,-0.8854112029075623,0.46470907330513,-0.009616970084607601
-13.982638359069824,-70.19327545166016,0.2066390961408615,-0.8739637136459351,0.4858618676662445,-0.011217660270631313
-16.663333892822266,-68.66688537597656,0.20897026360034943,-0.8651823997497559,0.5013286471366882,-0.011364182457327843
-19.258493423461914,-67.10604858398438,0.20871372520923615,-0.8525300025939941,0.5225505232810974,-0.011547788977622986
-21.784440994262695,-65.51752471923828,0.20707392692565918,-0.8438412547111511,0.5364734530448914,-0.011320429854094982
-24.196128845214844,-63.871952056884766,0.20659399032592773,-0.8203080892562866,0.5718089938163757,-0.01136128231883049
-26.497846603393555,-62.15076446533203,0.20595918595790863,-0.793074905872345,0.6090145111083984,-0.011551132425665855
-28.747882843017578,-60.41459274291992,0.2060462385416031,-0.7899845242500305,0.6130245327949524,-0.011192018166184425
-30.95979118347168,-58.698638916015625,0.2064284384250641,-0.7899218797683716,0.6131058931350708,-0.011163672432303429
-33.1749382019043,-56.97945785522461,0.2076556235551834,-0.7898276448249817,0.613298773765564,-0.00608528358861804
-35.46369552612305,-55.18003463745117,0.20758870244026184,-0.7845669388771057,0.6200341582298279,-0.0035211583599448204
-37.717689514160156,-53.357032775878906,0.2103273868560791,-0.773692786693573,0.6334861516952515,-0.009739967994391918
-39.75806427001953,-51.42068862915039,0.2077537477016449,-0.7098742723464966,0.704220712184906,-0.01231429260224104
-41.72718048095703,-49.43743133544922,0.20591238141059875,-0.7012969255447388,0.7127853035926819,-0.010936812497675419
-43.637969970703125,-47.461097717285156,0.2096814215183258,-0.6920439600944519,0.7217640280723572,-0.011489052325487137
-45.42267990112305,-45.44437789916992,0.20588751137256622,-0.6589925289154053,0.7520643472671509,-0.01132052019238472
-47.136138916015625,-43.430171966552734,0.21023933589458466,-0.6431295871734619,0.7656686305999756,-0.01165558397769928
-48.6984977722168,-41.36913299560547,0.20548298954963684,-0.6003938913345337,0.7996243834495544,-0.011315303854644299
-50.21601104736328,-39.306583404541016,0.20920997858047485,-0.5901644825935364,0.8072013854980469,-0.011484247632324696
-51.62675857543945,-37.246952056884766,0.2058163285255432,-0.5646263957023621,0.8252714276313782,-0.011140930466353893
-53.01838684082031,-35.20360565185547,0.20822082459926605,-0.5627855658531189,0.826537013053894,-0.010433835908770561
-54.3492546081543,-33.073604583740234,0.2080618441104889,-0.5267168879508972,0.850033700466156,-0.003458081278949976
-55.701873779296875,-30.866291046142578,0.20879307389259338,-0.5224021077156067,0.8526723980903625,-0.00676544988527894
-56.8531379699707,-28.642009735107422,0.21112869679927826,-0.44527867436408997,0.8952996134757996,-0.012868285179138184
-57.912193298339844,-26.38750648498535,0.20515157282352448,-0.42559337615966797,0.9048519730567932,-0.010645153000950813
-58.911434173583984,-24.162193298339844,0.20898060500621796,-0.4036959707736969,0.9148200154304504,-0.011575277894735336
-59.854671478271484,-21.95722198486328,0.20632901787757874,-0.3927132189273834,0.9195935130119324,-0.011141367256641388
-60.73305130004883,-19.77705192565918,0.20622247457504272,-0.3727172911167145,0.9278764128684998,-0.0112736402079463
-61.580413818359375,-17.624053955078125,0.20953215658664703,-0.36516714096069336,0.9308778047561646,-0.01092373114079237
-62.323795318603516,-15.432143211364746,0.20577403903007507,-0.32172077894210815,0.9467971324920654,-0.008421428501605988
-63.043792724609375,-13.254589080810547,0.2092006504535675,-0.31296807527542114,0.9497067332267761,-0.010390296578407288
-63.59955596923828,-11.1116304397583,0.20569159090518951,-0.2487458437681198,0.9685000777244568,-0.011534457094967365
-64.13532257080078,-8.981725692749023,0.20600928366184235,-0.24454843997955322,0.9695758819580078,-0.010894408449530602
-64.67497253417969,-6.8349199295043945,0.208131343126297,-0.2435474991798401,0.9698683023452759,-0.006341490428894758
-65.17430877685547,-4.616458415985107,0.2080884873867035,-0.22061237692832947,0.9753527045249939,-0.004175685346126556
-65.69710540771484,-2.2962331771850586,0.20894157886505127,-0.21992652118206024,0.9755129814147949,-0.0026041462551802397
-66.17605590820312,0.0989314541220665,0.21129685640335083,-0.1877208799123764,0.9822056889533997,-0.005734570324420929
-66.60104370117188,2.4873697757720947,0.20628505945205688,-0.17486193776130676,0.9845384359359741,-0.01036094781011343
-67.00843811035156,4.8223042488098145,0.20864064991474152,-0.17169822752475739,0.9850829243659973,-0.011460653506219387
-67.33743286132812,7.222369194030762,0.20826514065265656,-0.13611359894275665,0.9906929135322571,-0.0008392587187699974
-67.64613342285156,9.78325080871582,0.21365873515605927,-0.11507255584001541,0.9933565855026245,0.001045851968228817
-67.75403594970703,12.447430610656738,0.20865291357040405,-0.02687459997832775,0.9996238350868225,-0.005459148902446032
-67.8092041015625,15.098892211914062,0.20629040896892548,-0.019867002964019775,0.9997420310974121,-0.011003971099853516
-67.86119842529297,17.704381942749023,0.20693491399288177,-0.019793584942817688,0.9997437000274658,-0.010981517843902111
-67.91442108154297,20.37880516052246,0.20786717534065247,-0.019443117082118988,0.9998080134391785,-0.002420079195871949
-67.96934509277344,23.190237045288086,0.20739859342575073,-0.01861022785305977,0.9998183846473694,-0.004103381652384996
-68.0174789428711,25.968244552612305,0.20636770129203796,-0.01595037430524826,0.9998234510421753,-0.009935557842254639
-68.02086639404297,28.69255256652832,0.20656459033489227,0.006350278854370117,0.9999126195907593,-0.011595687828958035
-67.9626235961914,31.35612678527832,0.2069658786058426,0.029096394777297974,0.9995047450065613,-0.01198325864970684
-67.86373138427734,33.96898651123047,0.20626860857009888,0.040898486971855164,0.999092161655426,-0.011922363191843033
-67.75465393066406,36.532859802246094,0.20641198754310608,0.04269281402230263,0.999019205570221,-0.011748559772968292
-67.64737701416016,39.04601287841797,0.20663832128047943,0.042804740369319916,0.9990149140357971,-0.011704830452799797
-67.54203033447266,41.508087158203125,0.2069901078939438,0.04296691715717316,0.999008297920227,-0.011673294007778168
-67.4383544921875,43.92091751098633,0.20726287364959717,0.043199215084314346,0.9990017414093018,-0.011376382783055305
-67.33119201660156,46.401058197021484,0.20818929374217987,0.04346863925457001,0.999049723148346,-0.0031823257450014353
-67.20694732666016,49.01587677001953,0.20870952308177948,0.04799412190914154,0.9988467693328857,-0.0013376506976783276
-67.08089447021484,51.63814926147461,0.2067566066980362,0.0481291264295578,0.9988015294075012,-0.008893230929970741
-66.95746612548828,54.2048454284668,0.20687830448150635,0.04809000715613365,0.9987854361534119,-0.01072400901466608
-66.83537292480469,56.74658966064453,0.2080203890800476,0.048217516392469406,0.9988089203834534,-0.007471427787095308
-66.7062759399414,59.41620635986328,0.2085236757993698,0.048338111490011215,0.9988306164741516,-0.0009440961293876171
-66.54057312011719,62.24105453491211,0.2092035561800003,0.061273228377103806,0.9981210827827454,-0.00012015088577754796
-66.36429595947266,65.07095336914062,0.2065141201019287,0.062473032623529434,0.9980087876319885,-0.008696204982697964
-66.19038391113281,67.8519287109375,0.20698294043540955,0.06243261694908142,0.9979960322380066,-0.01030097994953394
-66.01248931884766,70.69935607910156,0.2079249620437622,0.06255058944225311,0.9980388879776001,-0.0024023002479225397
-65.83419799804688,73.73039245605469,0.2066694051027298,0.057945385575294495,0.9983190298080444,0.0011885670246556401
-65.70674133300781,76.85723876953125,0.20642758905887604,0.03912651911377907,0.9992161989212036,-0.006016955245286226
-65.58798217773438,79.93326568603516,0.20630939304828644,0.038459181785583496,0.9992084503173828,-0.010168202221393585
-65.4729995727539,82.94996643066406,0.2066674530506134,0.03827962279319763,0.9992037415504456,-0.01125121396034956
-65.36753845214844,85.92645263671875,0.20462647080421448,0.03464652970433235,0.9993314146995544,-0.01168049219995737
-65.3230209350586,88.84907531738281,0.2046251744031906,0.011497546918690205,0.999864935874939,-0.011747258715331554
-65.31952667236328,91.71588897705078,0.20452891290187836,-0.005802879575639963,0.9999132752418518,-0.01181924156844616
-65.34463500976562,94.5304183959961,0.20541994273662567,-0.010115117765963078,0.9998800158500671,-0.01173235010355711
-65.49564361572266,97.3604507446289,0.1999938189983368,-0.06763692200183868,0.9976992607116699,-0.004629433620721102
-65.73483276367188,100.16446685791016,0.20486828684806824,-0.08932846784591675,0.9959498047828674,-0.010215005837380886
-65.99797821044922,102.92115783691406,0.20357750356197357,-0.09733110666275024,0.9952074289321899,-0.009425201453268528
-66.39238739013672,105.73986053466797,0.20498152077198029,-0.14450666308403015,0.9894908666610718,-0.005041512660682201
-66.80034637451172,108.50419616699219,0.2059134542942047,-0.1466774344444275,0.9891352653503418,-0.009854466654360294
-67.20232391357422,111.21269226074219,0.20681428909301758,-0.146626815199852,0.9891331791877747,-0.010781852528452873
-67.6561508178711,113.98377990722656,0.20274284482002258,-0.16757221519947052,0.9858571887016296,-0.0022584630642086267
-68.2113037109375,116.90253448486328,0.20797087252140045,-0.18820473551750183,0.9821266531944275,0.002499099588021636
-68.8052978515625,119.99458312988281,0.21025556325912476,-0.1881030946969986,0.9821441769599915,0.0031734465155750513
-69.4920883178711,123.27310180664062,0.20571957528591156,-0.21659207344055176,0.9762555360794067,0.003596528200432658
-70.27269744873047,126.63545989990234,0.20599065721035004,-0.23148690164089203,0.9728243947029114,-0.005159576889127493
-71.05821228027344,129.9374542236328,0.20633761584758759,-0.2311534583568573,0.9728660583496094,-0.009978662244975567
-71.8394775390625,133.18605041503906,0.20551803708076477,-0.23575490713119507,0.9717466235160828,-0.011315463110804558
-72.62031555175781,136.37754821777344,0.20635735988616943,-0.23838485777378082,0.9711016416549683,-0.01159314438700676
-73.43777465820312,139.50205993652344,0.2038114368915558,-0.26229164004325867,0.9649181962013245,-0.011655718088150024
-74.28260040283203,142.562255859375,0.20544172823429108,-0.26884257793426514,0.9631146788597107,-0.0115681616589427
-75.12272644042969,145.57151794433594,0.2063402682542801,-0.2684444785118103,0.9632261395454407,-0.01152875553816557
-75.94438171386719,148.51715087890625,0.2065100222826004,-0.26820701360702515,0.9632900357246399,-0.011720363982021809
-76.75733947753906,151.42236328125,0.20579788088798523,-0.26927798986434937,0.9629985690116882,-0.011102942749857903
-77.60737609863281,154.29226684570312,0.20550183951854706,-0.2860125005245209,0.9581674337387085,-0.010586642660200596
-78.50361633300781,157.1012420654297,0.2045852690935135,-0.3112187683582306,0.9502758383750916,-0.010894311591982841
-79.46865844726562,159.85165405273438,0.2041516751050949,-0.33939293026924133,0.9405810832977295,-0.010935412719845772
-80.44300079345703,162.53701782226562,0.20579297840595245,-0.3425145447254181,0.9394477009773254,-0.011037101037800312
-81.51775360107422,165.19271850585938,0.20119895040988922,-0.3876281678676605,0.9217971563339233,-0.005869113374501467
-82.70973205566406,167.9179229736328,0.20723779499530792,-0.40343672037124634,0.9150075316429138,5.007957952329889e-05
-83.96544647216797,170.76425170898438,0.20941253006458282,-0.4033587872982025,0.9150415658950806,0.0008044294663704932
-85.25881958007812,173.6964111328125,0.20752938091754913,-0.40329045057296753,0.9150522947311401,-0.006008091848343611
-86.60659790039062,176.55162048339844,0.20011277496814728,-0.44032761454582214,0.8977687954902649,-0.011083602905273438
-88.01900482177734,179.32887268066406,0.20281706750392914,-0.4603878855705261,0.8876465559005737,-0.01124297920614481
-89.47567749023438,182.02169799804688,0.2034350037574768,-0.4789784550666809,0.8777523636817932,-0.011416244320571423
-90.97931671142578,184.63558959960938,0.2044505774974823,-0.5032351613044739,0.8640772700309753,-0.011175347492098808
-92.53607940673828,187.16400146484375,0.19930168986320496,-0.5363821387290955,0.8438917994499207,-0.011869525536894798
-94.1928939819336,189.56442260742188,0.19718967378139496,-0.5818972587585449,0.8131749033927917,-0.011920074000954628
-95.93595886230469,191.8477020263672,0.20255161821842194,-0.6123287677764893,0.7905242443084717,-0.011176480911672115
-97.73334503173828,194.01214599609375,0.20385560393333435,-0.6459190249443054,0.7633243799209595,-0.01116090826690197
-99.59313201904297,196.07196044921875,0.1986817717552185,-0.6807310581207275,0.7324387431144714,-0.011781028471887112
-101.51216125488281,197.99147033691406,0.1993829607963562,-0.7144176363945007,0.6996269226074219,-0.01138244941830635
-103.45172119140625,199.8184356689453,0.20491747558116913,-0.7289379835128784,0.6844909191131592,-0.01102637592703104
-105.37639617919922,201.6165008544922,0.20580588281154633,-0.7307164669036865,0.6826300621032715,-0.008340991102159023
-107.47444915771484,203.39096069335938,0.2046882063150406,-0.7703688740730286,0.6375970840454102,-0.0013304372550919652
-109.60340118408203,205.1328887939453,0.20608174800872803,-0.7744652032852173,0.6325703859329224,-0.0076317936182022095
-111.75599670410156,206.80807495117188,0.19954055547714233,-0.7951390743255615,0.6063701510429382,-0.008314192295074463
-114.04643249511719,208.33987426757812,0.20389993488788605,-0.8362954258918762,0.5482098460197449,-0.008718431927263737
-116.30799102783203,209.81619262695312,0.205848827958107,-0.8374109268188477,0.546471893787384,-0.01055945735424757
-118.62852478027344,211.21530151367188,0.20147305727005005,-0.8626164793968201,0.5058317184448242,-0.005211849696934223
-120.98592376708984,212.5546875,0.20543986558914185,-0.8702734708786011,0.49249014258384705,-0.008804170414805412
-123.3132553100586,213.85687255859375,0.20410296320915222,-0.8731275200843811,0.4873844087123871,-0.010236876085400581
-125.71788787841797,215.07032775878906,0.20463211834430695,-0.8952404260635376,0.4455031156539917,-0.008464368991553783
-128.08132934570312,216.2427215576172,0.20636022090911865,-0.8957048058509827,0.44452914595603943,-0.010327453725039959
-130.48049926757812,217.39015197753906,0.20700335502624512,-0.9036295413970947,0.4282894432544708,-0.004673448391258717
-132.97637939453125,218.5692138671875,0.2083253115415573,-0.9039549231529236,0.4276226758956909,-0.0020909050945192575
-135.587158203125,219.80398559570312,0.20913559198379517,-0.9038466811180115,0.4278561472892761,-0.0005726655363105237
-138.3037872314453,221.08956909179688,0.20832686126232147,-0.9036741852760315,0.42820438742637634,-0.0037386526819318533
-140.9989013671875,222.36630249023438,0.20676621794700623,-0.9035698175430298,0.4283439815044403,-0.009115234017372131
-143.6799774169922,223.58224487304688,0.20489107072353363,-0.9133633971214294,0.4070005714893341,-0.010857813991606236
-146.33447265625,224.73744201660156,0.20233125984668732,-0.9190091490745544,0.3940708637237549,-0.011424101889133453
-148.96173095703125,225.82553100585938,0.20532482862472534,-0.9250282049179077,0.37973687052726746,-0.011071877554059029
-151.58482360839844,226.9024200439453,0.20746350288391113,-0.9251095056533813,0.3796311020851135,-0.007254381198436022
-154.3001708984375,228.01695251464844,0.20814891159534454,-0.9251868724822998,0.3795056641101837,-0.002135398332029581
-157.16343688964844,229.17933654785156,0.20644041895866394,-0.9273442029953003,0.3742092251777649,-0.0005026530125178397
-160.18606567382812,230.3269805908203,0.20790702104568481,-0.9358221292495728,0.3524724841117859,0.00033864995930343866
-163.3104248046875,231.4926300048828,0.20819690823554993,-0.9374727606773376,0.34805828332901,-0.0004823225608561188
-166.51223754882812,232.66969299316406,0.20728909969329834,-0.9388238787651062,0.34433671832084656,-0.006476649548858404
-169.66429138183594,233.82582092285156,0.20677533745765686,-0.9387207627296448,0.34452396631240845,-0.010325255803763866
-172.7744598388672,234.94223022460938,0.2024887204170227,-0.9426795840263367,0.3334963619709015,-0.01163859199732542
-175.86305236816406,235.9586944580078,0.2040177285671234,-0.9518864750862122,0.3062332272529602,-0.011551113799214363
-178.8973846435547,236.93600463867188,0.20606015622615814,-0.9519033432006836,0.30617454648017883,-0.011713854968547821
-181.87991333007812,237.8964080810547,0.207159623503685,-0.9515617489814758,0.3072374761104584,-0.011628026142716408
-184.79864501953125,238.8656005859375,0.2063874900341034,-0.9483901858329773,0.31688591837882996,-0.0118083031848073
-187.67279052734375,239.81227111816406,0.20366136729717255,-0.9500439763069153,0.3118843138217926,-0.0120316781103611
-190.52427673339844,240.6680450439453,0.20412442088127136,-0.9592868089675903,0.2821926176548004,-0.011670980602502823
-193.32528686523438,241.4921875,0.20587968826293945,-0.9596425294876099,0.2809799909591675,-0.011678386479616165
-196.0855255126953,242.26231384277344,0.2038741409778595,-0.9651031494140625,0.26159799098968506,-0.01193582359701395
-198.79270935058594,242.98426818847656,0.20562727749347687,-0.966727077960968,0.25554314255714417,-0.011683749035000801
-201.48268127441406,243.69015502929688,0.20615635812282562,-0.9671915173530579,0.25390684604644775,-0.00847606547176838
-204.31280517578125,244.3428192138672,0.207498699426651,-0.9752448797225952,0.22112029790878296,0.0017971857450902462
-207.3310089111328,245.0216064453125,0.2097601443529129,-0.9754403233528137,0.22023873031139374,0.003318929113447666
-210.52191162109375,245.74118041992188,0.2102283388376236,-0.97529137134552,0.22090597450733185,0.0026993693318217993
-213.74142456054688,246.46966552734375,0.20694610476493835,-0.9752069115638733,0.22114557027816772,-0.008139515295624733
-216.91419982910156,247.1497039794922,0.20126020908355713,-0.9793237447738647,0.20198868215084076,-0.01120629534125328
-220.04666137695312,247.7442169189453,0.20450171828269958,-0.9834946393966675,0.18056829273700714,-0.011547263711690903
-223.12278747558594,248.30862426757812,0.2058335840702057,-0.9836069941520691,0.1799459606409073,-0.011698300018906593
-226.16258239746094,248.8001251220703,0.20448802411556244,-0.9880495071411133,0.15368886291980743,-0.011745619587600231
-229.13790893554688,249.2613525390625,0.20577000081539154,-0.9883596897125244,0.15168187022209167,-0.011733516119420528
-232.08316040039062,249.64697265625,0.20198923349380493,-0.992929220199585,0.1180945560336113,-0.01205714512616396
-234.97314453125,249.9691925048828,0.20491473376750946,-0.994250476360321,0.10643913596868515,-0.011697066016495228
-237.80831909179688,250.2725067138672,0.20614895224571228,-0.9942795634269714,0.10617044568061829,-0.011657915078103542
-240.61105346679688,250.50160217285156,0.2009548395872116,-0.9975051879882812,0.06955075263977051,-0.012091338634490967
-243.3504638671875,250.6602783203125,0.20482498407363892,-0.9984369874000549,0.05470525100827217,-0.011437155306339264
-246.0339813232422,250.80577087402344,0.20600393414497375,-0.9984489679336548,0.05444049462676048,-0.011660817079246044
-248.76907348632812,250.83261108398438,0.2021484673023224,-0.9999929070472717,-0.0028249986935406923,-0.0024853958748281
-251.6593780517578,250.78916931152344,0.20829078555107117,-0.9998523592948914,-0.01688539795577526,0.0032085690181702375
-254.72474670410156,250.7372283935547,0.20922504365444183,-0.9998506903648376,-0.017246702685952187,0.0011360016651451588
-257.7823486328125,250.675537109375,0.2040489912033081,-0.9997305870056152,-0.02136833593249321,-0.009058279916644096
-260.79742431640625,250.4630584716797,0.2019798755645752,-0.9960594773292542,-0.0878642126917839,-0.012054581195116043
-263.7344665527344,250.18203735351562,0.2025800198316574,-0.9947913885116577,-0.10123942792415619,-0.011860594153404236
-266.61566162109375,249.8072509765625,0.20403224229812622,-0.9907810091972351,-0.13496647775173187,-0.011709760874509811
-269.4355773925781,249.3637237548828,0.19945378601551056,-0.9861100912094116,-0.1658317595720291,-0.009317724034190178
-272.2740478515625,248.7198486328125,0.20357899367809296,-0.9726788401603699,-0.23200108110904694,-0.008463148027658463
-275.01910400390625,248.00132751464844,0.19817857444286346,-0.9643494486808777,-0.264354944229126,-0.01210134569555521
-277.6404113769531,247.05184936523438,0.2011360079050064,-0.933405339717865,-0.3586285710334778,-0.01183794904500246
-280.1551208496094,246.06866455078125,0.20483818650245667,-0.93071049451828,-0.36558160185813904,-0.011321356520056725
-282.6156005859375,245.05516052246094,0.19960273802280426,-0.9219937324523926,-0.3870069980621338,-0.012369338423013687
-284.9290466308594,243.84542846679688,0.20059798657894135,-0.8788567185401917,-0.47693565487861633,-0.01196490041911602
-287.1201171875,242.56967163085938,0.2004254013299942,-0.8602805733680725,-0.509691596031189,-0.011481096036732197
-289.2062683105469,241.2274169921875,0.19955259561538696,-0.8366876840591431,-0.5475487112998962,-0.012008375488221645
-291.1768798828125,239.8140106201172,0.1989172101020813,-0.80950528383255,-0.5869861245155334,-0.012183500453829765
-292.98968505859375,238.28289794921875,0.20036746561527252,-0.7629400491714478,-0.6463603377342224,-0.01186999399214983
-294.6505126953125,236.67298889160156,0.20426706969738007,-0.7172974348068237,-0.6966737508773804,-0.0114072784781456
-296.2391357421875,235.08743286132812,0.20453143119812012,-0.7060794830322266,-0.7080384492874146,-0.011541878804564476
-297.779052734375,233.53057861328125,0.20535172522068024,-0.7032187581062317,-0.7108781933784485,-0.011645031161606312
-299.2774353027344,231.8745574951172,0.2061779797077179,-0.6693713068962097,-0.7429233193397522,-0.0026612498331815004
-300.7780456542969,230.19082641601562,0.20669274032115936,-0.6671122312545776,-0.7449171543121338,-0.007719381712377071
-302.2303771972656,228.52073669433594,0.2022760659456253,-0.6544990539550781,-0.7560006976127625,-0.009687722660601139
-303.6419982910156,226.68966674804688,0.20762328803539276,-0.6135576963424683,-0.7896499633789062,-0.00012267811689525843
-305.077880859375,224.7078094482422,0.20574167370796204,-0.5811249613761902,-0.8138126730918884,0.00166912074200809
-306.55413818359375,222.53672790527344,0.20909306406974792,-0.560765266418457,-0.8279697895050049,0.002907565562054515
-308.1200866699219,220.21885681152344,0.21044683456420898,-0.5608315467834473,-0.8279225826263428,0.0034700860269367695
-309.720703125,217.69058227539062,0.20647644996643066,-0.5269713401794434,-0.8498828411102295,0.0005519840633496642
-311.2751159667969,215.1554412841797,0.20576520264148712,-0.5203667879104614,-0.8538898229598999,-0.009514525532722473
-312.74639892578125,212.6255645751953,0.20391179621219635,-0.49404147267341614,-0.8693622946739197,-0.011494345963001251
-314.09771728515625,210.091064453125,0.20346710085868835,-0.4609946012496948,-0.887326180934906,-0.011668470688164234
-315.38702392578125,207.59674072265625,0.20537705719470978,-0.4575907588005066,-0.8890861868858337,-0.011682220734655857
-316.6484680175781,205.14483642578125,0.20684441924095154,-0.45752784609794617,-0.8891250491142273,-0.011175881139934063
-317.9432067871094,202.6280059814453,0.2078244984149933,-0.458179771900177,-0.8888565301895142,-0.002317830454558134
-319.3238525390625,199.94918823242188,0.20910601317882538,-0.45871227979660034,-0.8885830044746399,0.0018206550739705563
-320.73345947265625,197.21295166015625,0.206330806016922,-0.45846736431121826,-0.8886832594871521,-0.007056699134409428
-322.0495910644531,194.4688720703125,0.20284558832645416,-0.4234609007835388,-0.9058415293693542,-0.011485792696475983
-323.2315368652344,191.73309326171875,0.20325931906700134,-0.3877542316913605,-0.9216899275779724,-0.011586506851017475
-324.357421875,189.04428100585938,0.20532439649105072,-0.3840774595737457,-0.9232264161109924,-0.011727487668395042
-325.4544982910156,186.40182495117188,0.20625121891498566,-0.3833962678909302,-0.9235095381736755,-0.011718863621354103
-326.5225524902344,183.80938720703125,0.2061532884836197,-0.38023003935813904,-0.9248172640800476,-0.011745511554181576
-327.5683288574219,181.2529296875,0.2055567055940628,-0.37823036313056946,-0.9256352782249451,-0.01188074704259634
-328.5548095703125,178.731689453125,0.20551545917987823,-0.36347633600234985,-0.9315305352210999,-0.011652180925011635
-329.4836730957031,176.2498779296875,0.20368187129497528,-0.34427157044410706,-0.938793957233429,-0.011951536871492863
-330.36932373046875,173.797119140625,0.20580381155014038,-0.3391956388950348,-0.9406434893608093,-0.011672941036522388
-331.1918640136719,171.3902130126953,0.20523948967456818,-0.32088127732276917,-0.9470471143722534,-0.011702386662364006
-331.9928283691406,169.02317810058594,0.20704035460948944,-0.3210113048553467,-0.9470196962356567,-0.010269965045154095
-332.81488037109375,166.556396484375,0.20526090264320374,-0.31493863463401794,-0.9491110444068909,-0.001353223342448473
-333.64666748046875,163.902099609375,0.20890159904956818,-0.29955169558525085,-0.9540756940841675,0.0028697180096060038
-334.5349426269531,161.0687713623047,0.21059957146644592,-0.3003346621990204,-0.9538275599479675,0.0034790958743542433
-335.47442626953125,158.08059692382812,0.2089305818080902,-0.3007548153400421,-0.9537002444267273,-0.0015584527282044291
-336.4068603515625,155.1209259033203,0.2064451426267624,-0.3008245527744293,-0.9536343812942505,-0.00928616151213646
-337.2783508300781,152.19143676757812,0.20399883389472961,-0.27672943472862244,-0.9608808755874634,-0.011353577487170696
-338.0692138671875,149.2978057861328,0.20337316393852234,-0.25468337535858154,-0.9669519662857056,-0.011842229403555393
-338.8030700683594,146.44393920898438,0.20338529348373413,-0.24558204412460327,-0.9693027138710022,-0.011904600076377392
-339.489013671875,143.64547729492188,0.20542925596237183,-0.2362227886915207,-0.9716271162033081,-0.011813124641776085
-340.1571044921875,140.8939666748047,0.2062608301639557,-0.23589996993541718,-0.9717076420783997,-0.011632503010332584
-340.7880859375,138.18392944335938,0.20443399250507355,-0.22173680365085602,-0.9750352501869202,-0.01179117988795042
-341.3824462890625,135.5234375,0.20604988932609558,-0.21706809103488922,-0.9760874509811401,-0.01160699687898159
-341.92791748046875,132.9020233154297,0.20373770594596863,-0.19721703231334686,-0.9802876710891724,-0.011890224181115627
-342.4317321777344,130.3311767578125,0.20580631494522095,-0.19164642691612244,-0.981395423412323,-0.011604865081608295
-342.92498779296875,127.8025894165039,0.20730584859848022,-0.1917160302400589,-0.9813994765281677,-0.010004213079810143
-343.4393310546875,125.1711196899414,0.20789353549480438,-0.19171299040317535,-0.9814501404762268,-0.0012572667328640819
-343.938720703125,122.43304443359375,0.20567990839481354,-0.17475619912147522,-0.9845802187919617,-0.007879114709794521
-344.4111633300781,119.75347900390625,0.20609065890312195,-0.17317546904087067,-0.9848332405090332,-0.01066914014518261
-344.8369445800781,117.11421966552734,0.2009120136499405,-0.1531701385974884,-0.9881275296211243,-0.011951858177781105
-345.1719055175781,114.52124786376953,0.20455874502658844,-0.12671352922916412,-0.991870641708374,-0.011681013740599155
-345.49578857421875,111.98222351074219,0.20635007321834564,-0.12694647908210754,-0.9918400645256042,-0.011744788847863674
-345.81463623046875,109.48919677734375,0.2067766636610031,-0.1272493153810501,-0.9918028116226196,-0.011612702161073685
-346.0705871582031,106.9631576538086,0.2053476721048355,-0.09365434944629669,-0.995597779750824,-0.003711988218128681
-346.29583740234375,104.44718933105469,0.20640604197978973,-0.08981545269489288,-0.9959183931350708,-0.00892553385347128
-346.5039367675781,101.97080993652344,0.20551224052906036,-0.08411026000976562,-0.9963948726654053,-0.011080510914325714
-346.68316650390625,99.54764556884766,0.2061532437801361,-0.07462720572948456,-0.997146487236023,-0.011386248283088207
-346.8480224609375,97.16718292236328,0.20448532700538635,-0.06830339133739471,-0.9976131916046143,-0.010126715525984764
-346.9410095214844,94.73060607910156,0.20566900074481964,-0.03973066061735153,-0.9991855025291443,-0.007049816194921732
-347.0350036621094,92.34880065917969,0.20681574940681458,-0.0401594452559948,-0.9991419911384583,-0.01012598630040884
-347.07196044921875,89.9364013671875,0.2056511491537094,-0.009298084303736687,-0.9999517798423767,-0.0031693330965936184
-347.0797119140625,87.47843170166016,0.2069208025932312,-0.004693480208516121,-0.9999619722366333,-0.007342606782913208
-347.0743103027344,85.07249450683594,0.20364192128181458,0.0033857584930956364,-0.9999384880065918,-0.010568910278379917
-346.9241638183594,82.63554382324219,0.20499718189239502,0.06515293568372726,-0.9978604316711426,-0.005441231653094292
-346.7607727050781,80.24519348144531,0.20644456148147583,0.06653189659118652,-0.9977372884750366,-0.009690879844129086
-346.5911865234375,77.89075469970703,0.20486964285373688,0.07229340076446533,-0.9973371624946594,-0.009613355621695518
-346.2795715332031,75.46004486083984,0.20657405257225037,0.13132035732269287,-0.9913394451141357,-0.0011028082808479667
-345.93304443359375,72.90986633300781,0.20910941064357758,0.13298256695270538,-0.9911176562309265,0.0012177894823253155
-345.5663146972656,70.1948013305664,0.20946794748306274,0.13374535739421844,-0.99101322889328,0.0022326859179884195
-345.09503173828125,67.34796142578125,0.2062736600637436,0.1693764328956604,-0.9855408072471619,-0.004586007911711931
-344.6026916503906,64.55110931396484,0.20419982075691223,0.17496800422668457,-0.9845188856124878,-0.01043394859880209
-344,61.8316764831543,0.2034892737865448,0.22727446258068085,-0.9737600684165955,-0.011734136380255222
-343.32525634765625,59.18852996826172,0.20160774886608124,0.25695085525512695,-0.9663515686988831,-0.011871646158397198
-342.54547119140625,56.62372589111328,0.19910840690135956,0.30297166109085083,-0.952922523021698,-0.012121021747589111
-341.678466796875,54.15678405761719,0.19980941712856293,0.3371235728263855,-0.941382110118866,-0.012136682868003845
-340.6075744628906,51.82394027709961,0.1985986977815628,0.4316715896129608,-0.9019446969032288,-0.012462836690247059
-339.4696960449219,49.60907745361328,0.2029549479484558,0.46046870946884155,-0.8876066207885742,-0.011093739420175552
-338.325439453125,47.459529876708984,0.20282119512557983,0.47068363428115845,-0.8822242021560669,-0.011721259914338589
-337.0217590332031,45.46272277832031,0.1937052458524704,0.556671142578125,-0.8306196928024292,-0.013719368726015091
-335.6070861816406,43.62643814086914,0.20437568426132202,0.6073864102363586,-0.7943383455276489,-0.010408774949610233
-334.228759765625,41.849483489990234,0.20290838181972504,0.613313615322113,-0.7897557616233826,-0.011501297354698181
-332.7237854003906,40.2301025390625,0.19565989077091217,0.6853806376457214,-0.7280667424201965,-0.013125485740602016
-331.1923522949219,38.744606018066406,0.20516283810138702,0.7119231820106506,-0.7021742463111877,-0.010807246901094913
-329.7080078125,37.2875862121582,0.2047562301158905,0.7132178544998169,-0.7008501887321472,-0.011369495652616024
-328.1581115722656,35.963871002197266,0.19951502978801727,0.7616316676139832,-0.6478890180587769,-0.01252968329936266
-326.63360595703125,34.7256965637207,0.2055877149105072,0.7717657685279846,-0.6358119249343872,-0.010993940755724907
-325.04681396484375,33.532230377197266,0.20086531341075897,0.7999809384346008,-0.6000099182128906,-0.004305115435272455
-323.3212890625,32.310672760009766,0.20828433334827423,0.8136621713638306,-0.5813369154930115,0.0010625614086166024
-321.4596862792969,31.024747848510742,0.20447459816932678,0.8243550658226013,-0.5660719275474548,0.0011352543951943517
-319.37213134765625,29.73419952392578,0.20862030982971191,0.8495122194290161,-0.5275579690933228,0.003412062069401145
-317.14422607421875,28.352922439575195,0.21057361364364624,0.8496013283729553,-0.5274125337600708,0.0037016954738646746
-314.7274475097656,26.8832950592041,0.2063439041376114,0.8566481471061707,-0.5158894658088684,0.0034671726170927286
-312.1316833496094,25.383867263793945,0.207514226436615,0.8669580221176147,-0.4983801245689392,-0.0010295568499714136
-309.5583801269531,23.907184600830078,0.20593379437923431,0.867433488368988,-0.4974677562713623,-0.009217239916324615
-306.9727478027344,22.540721893310547,0.20236460864543915,0.8906177878379822,-0.4546007812023163,-0.011752723716199398
-304.42431640625,21.260299682617188,0.20503073930740356,0.89522385597229,-0.445466548204422,-0.011560427024960518
-301.8856201171875,20.0599365234375,0.19927965104579926,0.9082358479499817,-0.4182735085487366,-0.012443138286471367
-299.35443115234375,18.98163414001465,0.20414823293685913,0.92159104347229,-0.3879906237125397,-0.01153582613915205
-296.8753967285156,17.938322067260742,0.20635885000228882,0.9216408729553223,-0.3878731429576874,-0.011519181542098522
-294.3400573730469,16.871906280517578,0.2076098918914795,0.9215550422668457,-0.38823556900024414,-0.0030675390735268593
-291.6494445800781,15.739028930664062,0.20926590263843536,0.9212551116943359,-0.38895508646965027,0.0016899439506232738
-288.7493896484375,14.563843727111816,0.20610062777996063,0.929738461971283,-0.36820539832115173,0.003359472379088402
-285.6370544433594,13.386064529418945,0.20716461539268494,0.9378853440284729,-0.34692084789276123,0.004132188390940428
-282.3143005371094,12.189643859863281,0.20756608247756958,0.9423065185546875,-0.33472713828086853,0.004017329774796963
-278.79833984375,10.965365409851074,0.21019762754440308,0.9446839094161987,-0.3279533386230469,0.00436333566904068
-275.0675048828125,9.743221282958984,0.20786485075950623,0.9534177184104919,-0.3016270697116852,0.003985215909779072
-271.1365661621094,8.51633071899414,0.20977313816547394,0.9551870226860046,-0.29597339034080505,0.004168184008449316
-267.1029968261719,7.269967555999756,0.20750930905342102,0.9552596807479858,-0.29571694135665894,-0.005507254041731358
-263.1233825683594,6.042322635650635,0.20566973090171814,0.9555789232254028,-0.2945530414581299,-0.01036683190613985
-259.1703796386719,4.907621383666992,0.20393404364585876,0.9644301533699036,-0.26407891511917114,-0.011697887443006039
-255.2561492919922,3.871603488922119,0.2023746222257614,0.970301628112793,-0.24159538745880127,-0.012097049504518509
-251.37171936035156,2.961519956588745,0.20303548872470856,0.9770991206169128,-0.21245574951171875,-0.011826400645077229
-247.54612731933594,2.12847900390625,0.20504175126552582,0.9780889749526978,-0.20785318315029144,-0.011786703951656818
-243.75924682617188,1.3219084739685059,0.20623798668384552,0.9780603647232056,-0.20799297094345093,-0.011699886061251163
-240.03932189941406,0.5209102034568787,0.20637385547161102,0.9771975874900818,-0.2119980752468109,-0.011905844323337078
-236.37477111816406,-0.27335643768310547,0.20667627453804016,0.9771191477775574,-0.21236859261989594,-0.011736549437046051
-232.76478576660156,-1.0539542436599731,0.20562845468521118,0.977440357208252,-0.21087747812271118,-0.011879153549671173
-229.19952392578125,-1.7989935874938965,0.20574401319026947,0.9792452454566956,-0.2023659497499466,-0.011259468272328377
-225.66917419433594,-2.5294017791748047,0.2065378576517105,0.9792518019676208,-0.20237325131893158,-0.010539586655795574
-222.15940856933594,-3.220475196838379,0.20540058612823486,0.9821534752845764,-0.1877913624048233,-0.010434592142701149
-218.70083618164062,-3.879379987716675,0.20605716109275818,0.9825288653373718,-0.18578976392745972,-0.010919828899204731
-215.2727813720703,-4.526714324951172,0.20663988590240479,0.9825512170791626,-0.18565815687179565,-0.01114633958786726
-211.904052734375,-5.1624064445495605,0.20655441284179688,0.9825475215911865,-0.18568548560142517,-0.011004111729562283
-208.563232421875,-5.778173923492432,0.20352189242839813,0.9838719964027405,-0.17850537598133087,-0.01147793885320425
-205.26705932617188,-6.315065860748291,0.20462322235107422,0.9877939224243164,-0.15536682307720184,-0.01115217711776495
-202.01504516601562,-6.828269004821777,0.20638343691825867,0.9877009391784668,-0.15595941245555878,-0.01111187506467104
-198.80197143554688,-7.335013389587402,0.20682694017887115,0.9876710772514343,-0.1561504453420639,-0.01108394842594862
-195.64585876464844,-7.833223819732666,0.20720326900482178,0.9876512885093689,-0.15629014372825623,-0.010874909348785877
-192.43377685546875,-8.339960098266602,0.2077270746231079,0.987744927406311,-0.15601980686187744,-0.004239513538777828
-189.0905303955078,-8.828887939453125,0.20793700218200684,0.9898505806922913,-0.1421118527650833,-0.00045433282502926886
-185.6077880859375,-9.328872680664062,0.20930251479148865,0.9897499680519104,-0.14280927181243896,0.0008301100460812449
-181.9947052001953,-9.841714859008789,0.20837032794952393,0.9901673197746277,-0.1398649960756302,-0.002535603241994977
-178.3993377685547,-10.333555221557617,0.20438995957374573,0.9912537932395935,-0.13162805140018463,-0.009486479684710503
-174.84832763671875,-10.767261505126953,0.20134353637695312,0.9935624003410339,-0.1127287894487381,-0.011219708248972893
-171.31968688964844,-11.101568222045898,0.20162367820739746,0.9963959455490112,-0.08404487371444702,-0.011470329947769642
-167.84442138671875,-11.354530334472656,0.20449961721897125,0.9976598024368286,-0.06743086129426956,-0.01131253968924284
-164.4244384765625,-11.601518630981445,0.2085808962583542,0.9970694184303284,-0.07563691586256027,-0.011463981121778488
-161.0586700439453,-11.891626358032227,0.20656625926494598,0.995832622051239,-0.09048734605312347,-0.011369542218744755
-157.73544311523438,-12.192248344421387,0.20661506056785583,0.9958583116531372,-0.09023092687129974,-0.011170455254614353
-154.45828247070312,-12.48922061920166,0.20684614777565002,0.9958432912826538,-0.09040357917547226,-0.011106974445283413
-151.2205810546875,-12.782949447631836,0.20700213313102722,0.9958122968673706,-0.0907432809472084,-0.011118000373244286
-148.0347900390625,-13.071372985839844,0.20656096935272217,0.9958422183990479,-0.09040884673595428,-0.011159200221300125
-144.894287109375,-13.318740844726562,0.20555754005908966,0.9970046877861023,-0.07653498649597168,-0.011131651699543
-141.79669189453125,-13.555656433105469,0.20635610818862915,0.9970598816871643,-0.0758104994893074,-0.01115439087152481
-138.73651123046875,-13.748429298400879,0.2039061337709427,0.9984344840049744,-0.05477731674909592,-0.01132036093622446
-135.72518920898438,-13.900404930114746,0.20542709529399872,0.9988048076629639,-0.04758017510175705,-0.011181392706930637
-132.75494384765625,-14.041993141174316,0.20643027126789093,0.9988036751747131,-0.04760153219103813,-0.01119410153478384
-129.7986297607422,-14.109268188476562,0.20081256330013275,0.9999141097068787,-0.01125794742256403,-0.006702981889247894
-126.73403930664062,-14.08809757232666,0.20670203864574432,0.9999486207962036,0.010109077207744122,-0.0007473296136595309
-123.53926849365234,-14.054302215576172,0.20920059084892273,0.9999525547027588,0.009739120490849018,0.0001814965216908604
-120.27823638916016,-14.016736030578613,0.20601880550384521,0.9999094605445862,0.011610617861151695,-0.006794073153287172
-117.04996490478516,-13.857300758361816,0.20329146087169647,0.9978660345077515,0.06432907283306122,-0.011188201606273651
-113.89860534667969,-13.646817207336426,0.2050996571779251,0.9974756836891174,0.07012240588665009,-0.011183363385498524
-110.78782653808594,-13.327841758728027,0.20130719244480133,0.9930129647254944,0.11743873357772827,-0.011552054435014725
-107.74393463134766,-12.941513061523438,0.20476830005645752,0.9912089109420776,0.13183924555778503,-0.011102263815701008
-104.75613403320312,-12.46435260772705,0.19713474810123444,0.9850679636001587,0.17172785103321075,-0.012277440167963505
-101.86100769042969,-11.763474464416504,0.20182977616786957,0.9675002098083496,0.2526422142982483,-0.010736221447587013
-99.05718994140625,-10.971663475036621,0.20343399047851562,0.9601966142654419,0.27910828590393066,-0.011002104729413986
-96.3316650390625,-10.0712308883667,0.2017057090997696,0.9448018074035645,0.3274385333061218,-0.011562496423721313
-93.71096801757812,-9.028664588928223,0.195025235414505,0.9220920205116272,0.3867711126804352,-0.012425045482814312
-91.26115417480469,-7.735369682312012,0.19908371567726135,0.8750011920928955,0.4839874505996704,-0.011352923698723316
-88.91498565673828,-6.408472537994385,0.20482757687568665,0.8694809079170227,0.4938480854034424,-0.010810635052621365
-86.62847137451172,-5.026694297790527,0.19924814999103546,0.8505529165267944,0.5258119106292725,-0.00902549922466278
-84.3780288696289,-3.490872383117676,0.2048431932926178,0.8240286707878113,0.5665158033370972,-0.006047205068171024
-82.18934631347656,-1.9398612976074219,0.2004195749759674,0.8127474784851074,0.5825202465057373,-0.010573253966867924
-80.13577270507812,-0.2931528687477112,0.20372183620929718,0.7763063907623291,0.630260705947876,-0.010937846265733242
-78.14164733886719,1.348381757736206,0.20299474895000458,0.7714080214500427,0.6362431645393372,-0.011144539341330528
-76.24378967285156,3.1661455631256104,0.1995965540409088,0.7113083004951477,0.7028599381446838,-0.0053425440564751625
-74.43524932861328,5.018184661865234,0.20542271435260773,0.6984816193580627,0.7155575752258301,-0.010045202448964119
-72.68108367919922,6.870054721832275,0.20118513703346252,0.684170126914978,0.7292490005493164,-0.010356880724430084
-70.99484252929688,8.817863464355469,0.20482425391674042,0.6538559198379517,0.7565774321556091,-0.007941603660583496
-69.34577178955078,10.728017807006836,0.20654042065143585,0.6539449691772461,0.7564765810966492,-0.009956300258636475
-67.73087310791016,12.686161041259766,0.20683258771896362,0.6343036890029907,0.7730656266212463,-0.005320474971085787
-66.07132720947266,14.711374282836914,0.20822635293006897,0.6344598531723022,0.7729492783546448,-0.003192309523001313
-64.38823699951172,16.762388229370117,0.20722179114818573,0.6345362067222595,0.7728514075279236,-0.008030219003558159
-62.7651252746582,18.813114166259766,0.20431169867515564,0.6150830388069153,0.788389265537262,-0.010731438174843788
-61.19393539428711,20.83982276916504,0.20612658560276031,0.6129423975944519,0.7900501489639282,-0.011057857424020767
-59.627742767333984,22.85894775390625,0.2074761986732483,0.61320561170578,0.7898905873298645,-0.007191866170614958
-58.01777267456055,24.932695388793945,0.2072708159685135,0.6135061979293823,0.7896618247032166,-0.0066668801009655
-56.4235954284668,26.985069274902344,0.207064688205719,0.6136277914047241,0.7895351052284241,-0.009760314598679543
-54.84792709350586,29.005754470825195,0.20874135196208954,0.6151144504547119,0.7883815765380859,-0.009417524561285973
-53.239715576171875,31.005830764770508,0.20696283876895905,0.6266918182373047,0.7792115211486816,-0.009313138201832771
-51.655662536621094,32.9759521484375,0.20698587596416473,0.6267052888870239,0.7791866660118103,-0.010426893830299377
-50.078495025634766,34.88901138305664,0.20648574829101562,0.6378715634346008,0.7700628638267517,-0.011090247891843319
-48.512046813964844,36.7573356628418,0.2087998390197754,0.6437258124351501,0.7651727795600891,-0.01130252331495285
-46.94768142700195,38.5586051940918,0.20876248180866241,0.6569282412528992,0.753869891166687,-0.011201526038348675
-45.379234313964844,40.3117561340332,0.2064235657453537,0.6667189002037048,0.7452261447906494,-0.011125026270747185
-43.81587600708008,42.059051513671875,0.2075798660516739,0.6668561100959778,0.7451487183570862,-0.007514233700931072
-42.2043342590332,43.85991287231445,0.20854908227920532,0.66713947057724,0.7449163794517517,-0.004953873343765736
-40.54035568237305,45.717918395996094,0.20843525230884552,0.6673359274864197,0.7447395324707031,-0.005070616491138935
-38.926788330078125,47.602535247802734,0.19998982548713684,0.6447966694831848,0.7642796039581299,-0.010674466378986835
-37.44227981567383,49.53509521484375,0.20455457270145416,0.6096495985984802,0.7925962209701538,-0.01089048758149147